course_id,course_title,subject_name
1,Algorithmique,Informatique théorique
2,Informatique quantique,Informatique théorique
3,Intelligence artificielle,Informatique théorique
4,Méthodes formelles,Informatique théorique
5,Structures de données,Informatique théorique
6,Théorie des automates,Informatique théorique
7,Théorie de la calculabilité,Informatique théorique
8,Théorie de la complexité,Informatique théorique
9,Théorie des graphes,Informatique théorique
10,Théorie de l'information,Informatique théorique
11,Théorie des langages,Informatique théorique
12,Calcul des prédicats,Logique
13,Logique modale,Logique
14,Logique mathématique,Logique
15,Logique philosophique,Logique
16,Logique propositionnelle,Logique
17,Logique syllogistique,Logique
18,Algèbre,Mathématiques pures
19,Analyse,Mathématiques pures
20,Arithmétique,Mathématiques pures
21,Géométrie,Mathématiques pures
22,Probabilités,Mathématiques pures
23,Statistique,Mathématiques pures
24,Topologie,Mathématiques pures
25,Acoustique,Physique
26,Électroacoustique,Physique
27,Acoustique musicale,Physique
28,Acoustique architecturale,Physique
29,Biophysique,Physique
30,Cryogénie,Physique
31,Électromagnétisme,Physique
32,Géophysique,Physique
33,Mécanique,Physique
34,Mécanique classique,Physique
35,Cinématique,Physique
36,Dynamique,Physique
37,Mécanique des fluides,Physique
38,Hydrodynamique,Physique
39,Aérodynamique,Physique
40,Hydrostatique,Physique
41,Aérostatique,Physique
42,Mécanique des milieux continus,Physique
43,Mécanique quantique,Physique
44,Mécanique statique,Physique
45,Optique,Physique
46,Physico-chimie,Physique
47,Physique atmosphérique,Physique
48,Physique de la matière condensée,Physique
49,Physique des particules,Physique
50,Physique des plasmas,Physique
51,Physique des polymères,Physique
52,Physique nucléaire,Physique
53,Physique du solide,Physique
54,Physique Théorique,Physique
55,Macrosociologie,Sociologie
56,Microsociologie,Sociologie
57,Sociologie de l'art,Sociologie
58,Sociologie clinique,Sociologie
59,Sociologie de la communication,Sociologie
60,Sociologie de la connaissance,Sociologie
61,Sociologie de la culture,Sociologie
62,Sociologie de l'éducation,Sociologie
63,Sociologie de la famille,Sociologie
64,Sociologie de la justice sociale,Sociologie
65,Sociologie de la santé,Sociologie
66,Sociologie des logiques d'action,Sociologie
67,Sociologie des générations,Sociologie
68,Sociologie des médias,Sociologie
69,Sociologie des mouvements sociaux,Sociologie
70,Sociologie des organisations,Sociologie
71,Sociologie des rapports sociaux,Sociologie
72,Sociologie des religions,Sociologie
73,Sociologie des réseaux,Sociologie
74,Sociologie du droit,Sociologie
75,Sociologie du temps,Sociologie
76,Sociologie du travail,Sociologie
77,Sociologie économique,Sociologie
78,Sociologie historique,Sociologie
79,Sociologie militaire,Sociologie
80,Sociologie politique,Sociologie
81,Sociologie urbaine,Sociologie
82,Sociologie rurale,Sociologie
83,Sociolinguistique,Sociologie
84,Sociobiologie,Sociologie
85,Histoire sociale,Sociologie
86,Histoire culturelle,Sociologie
87,Anthropologie politique,Sciences politiques
88,Étude des politiques publiques,Sciences politiques
89,Études internationales et géopolitique,Sciences politiques
90,Histoire politique,Sciences politiques
91,Politique comparée,Sciences politiques
92,Science administrative,Sciences politiques
93,Sociologie du vote,Sciences politiques
94,Théorie politique,Sciences politiques
95,Analyse économique du droit,Sciences juridiques
96,Anthropologie juridique,Sciences juridiques
97,Épistémologie du droit,Sciences juridiques
98,Droit,Sciences juridiques
99,Histoire du droit,Sciences juridiques
100,Histoire des institutions,Sciences juridiques
101,Philosophie du droit,Sciences juridiques
102,Théorie du droit,Sciences juridiques
103,Économétrie,Économie
104,Économie politique,Économie
105,Économie publique,Économie
106,Économie du bien-être,Économie
107,Économie de l'éducation,Économie
108,Économie de l'entreprise,Économie
109,Économie de la culture,Économie
110,Économie de la considération,Économie
111,Économie de la santé,Économie
112,Économie de la famille,Économie
113,Économie de l'environnement,Économie
114,Économie du travail,Économie
115,Économie du développement,Économie
116,Économie internationale,Économie
117,Économie monétaire,Économie
118,Macroéconomie,Économie
119,Microéconomie,Économie
120,Finance,Économie
121,Finance publique,Économie
122,Histoire économique,Économie
123,Didactique,Philosophie
124,Esthétique,Philosophie
125,Éthique,Philosophie
126,Épistémologie,Philosophie
127,Herméneutique,Philosophie
128,Logique,Philosophie
129,Méréologie,Philosophie
130,Métaphysique,Philosophie
131,Noétique,Philosophie
132,Ontologie,Philosophie
133,Philosophie de l'esprit,Philosophie
134,Philosophie de la logique,Philosophie
135,Philosophie de l'information,Philosophie
136,Philosophie de la perception,Philosophie
137,Philosophie de la religion,Philosophie
138,Philosophie de la biologie,Philosophie
139,Philosophie de la culture,Philosophie
140,Philosophie de l'éducation,Philosophie
141,Philosophie cognitive,Philosophie
142,Philosophie de la vie,Philosophie
143,Philosophie de la technique,Philosophie
144,Philosophie de l'action,Philosophie
145,Philosophie de l'espace et du temps,Philosophie
146,Philosophie de l'Histoire,Philosophie
147,Philosophie des sciences,Philosophie
148,Philosophie des mathématiques,Philosophie
149,Philosophie du langage,Philosophie
150,Philosophie du processus,Philosophie
151,Philosophie du suicide,Philosophie
152,Philosophie économique,Philosophie
153,Philosophie féministe,Philosophie
154,Philosophie naturelle,Philosophie
155,Philosophie politique,Philosophie
156,Philosophie sociale,Philosophie
157,Sophiologie,Philosophie
158,Théorie de la connaissance,Philosophie
